<?xml version="1.0" encoding="UTF-8"?>

<ValueSet xmlns="http://hl7.org/fhir">
  <id value="ZimGender"/>
  <text>
    <status value="extensions"/><div xmlns="http://www.w3.org/1999/xhtml"><p class="res-header-id"><b>Generated Narrative: ValueSet ZimGender</b></p><a name="ZimGender"> </a><a name="hcZimGender"> </a><ul><li>Include these codes as defined in <a href="http://hl7.org/fhir/R4/codesystem-administrative-gender.html"><code>http://hl7.org/fhir/administrative-gender</code></a><span title="Version is not explicitly stated, which means it is fixed to 4.0.1, the version found through the package references"> version &#x1F4E6;4.0.1</span><table class="none"><tr><td style="white-space:nowrap"><b>Code</b></td><td><b>Display</b></td><td><b>Definition</b></td></tr><tr><td><a href="http://hl7.org/fhir/R4/codesystem-administrative-gender.html#administrative-gender-male">male</a></td><td>Male</td><td>Male.</td></tr><tr><td><a href="http://hl7.org/fhir/R4/codesystem-administrative-gender.html#administrative-gender-female">female</a></td><td>Female</td><td>Female.</td></tr><tr><td><a href="http://hl7.org/fhir/R4/codesystem-administrative-gender.html#administrative-gender-unknown">unknown</a></td><td>Unknown</td><td>Unknown.</td></tr></table></li></ul></div>
  </text>
  <url value="http://smart.who.int/ig-empty/ValueSet/ZimGender"/>
  <version value="0.1.0"/>
  <name value="ZimGenderVS"/>
  <title value="Gender Value Set"/>
  <status value="draft"/>
  <date value="2025-11-12T08:46:24+00:00"/>
  <publisher value="MOH Zimbabwe"/>
  <contact>
    <name value="MOH Zimbabwe"/>
    <telecom>
      <system value="url"/>
      <value value="http://mohcc.org.zw"/>
    </telecom>
  </contact>
  <description value="Administrative Gender"/>
  <jurisdiction>
    <coding>
      <system value="http://unstats.un.org/unsd/methods/m49/m49.htm"/>
      <code value="001"/>
      <display value="Zimbabwe"/>
    </coding>
  </jurisdiction>
  <compose>
    <include>
      <system value="http://hl7.org/fhir/administrative-gender"/>
      <concept>
        <code value="male"/>
        <display value="Male"/>
      </concept>
      <concept>
        <code value="female"/>
        <display value="Female"/>
      </concept>
      <concept>
        <code value="unknown"/>
        <display value="Unknown"/>
      </concept>
    </include>
  </compose>
</ValueSet>